series	order	tier	keys	sha256	course
4K REFORM	-1	Intro 2	4	68e965cfbaaf6618ae96994fd487d8d7c86f1af558648b89cd624c3572aa9da9	Dan ~ REFORM ~ 1st Pack [~ INTRO-2nd ~ (Marathon)]
4K REFORM	0	Intro 3	4	c8e6dfa79c8035d4fe62da653d15bf8fcd13c9c919e597fcea1fe820d966159e	Dan ~ REFORM ~ 1st Pack [~ INTRO-3rd ~ (Marathon)]
4K REFORM	1	Reform 1	4	5adb6c6d96652335b4c6f6707b52406bf2f96b51912687fd60a0e9c5b3a32485	Dan ~ REFORM ~ 1st Pack [~ 1st ~ (Marathon)]
4K REFORM	2	Reform 2	4	39daf269e4ecf1734442771cbce26753d7cb20a671e71165af720b633ac6ecad	Dan ~ REFORM ~ 1st Pack [~ 2nd ~ (Marathon)]
4K REFORM	3	Reform 3	4	01893f1b2f74b754b4c6321af0d3a5850dc881f91debfb20779239619572ebc1	Dan ~ REFORM ~ 1st Pack [~ 3rd ~ (Marathon)]
4K REFORM	4	Reform 4	4	2a8ae54cf0e8e946256f8499428e0ad68b15c42fd4a8aae7888b6673ab082829	Dan ~ REFORM ~ 1st Pack [~ 4th ~ (Marathon)]
4K REFORM	5	Reform 5	4	a4f271dcfd74875c01688736cf774581861dc5366f08b5f8309bc0756719657e	Dan ~ REFORM ~ 1st Pack [~ 5th ~ (Marathon)]
4K REFORM	6	Reform 6	4	3577b42b0b61c39252cb7d0ee9ab80f6e5fa4ad09c190a103ba7288ab39d928b	Dan ~ REFORM ~ 2nd Pack [~ 6th ~ (Marathon)]
4K REFORM	7	Reform 7	4	6f3e5e67d0ce40013204034e636e903777717d19451159ebf0bd1e6f3f93b868	Dan ~ REFORM ~ 2nd Pack [~ 7th ~ (Marathon)]
4K REFORM	8	Reform 8	4	62916aee93e083bc134b2b0c069b513dbc34567e53101e58d8f159ec5f2530e9	Dan ~ REFORM ~ 2nd Pack [~ 8th ~ (Marathon)]
4K REFORM	9	Reform 9	4	d9119d8023db80878d4f87978b8cbd85e18a5e4e380a3ce516e056f2c70a5064	Dan ~ REFORM ~ 2nd Pack [~ 9th ~ (Marathon)]
4K REFORM	10	Reform 10	4	ffa90a2aeaf055d374a4c649301bb2c8afedaf8cdea7a813fdb23b6940cd9fe8	Dan ~ REFORM ~ 2nd Pack [~ 10th ~ (Marathon)]
4K REFORM	11	Alpha	4	b827f1ab4ccfac41971c399a544ad004fdb43088744de1a46249e981cd01c0e9	Dan ~ REFORM ~ 2nd Pack [~ EXTRA-ALPHA ~ (Marathon)]
4K REFORM	12	Beta	4	d3f42352e303900780bf37547310e70cc3ab2225e7badca44940388b59d7a685	Dan ~ REFORM ~ 2nd Pack [~ EXTRA-BETA ~ (Marathon)]
4K REFORM	13	Gamma	4	52ae9650139624f817d3152ddff8e911a69d9e305ecac158776233b65b1f007d	Dan ~ REFORM ~ 2nd Pack [~ EXTRA-GAMMA ~ (Marathon)]
4K REFORM	14	Delta	4	7f5440965095587ca152a4f96ae178390385b0e9491d4b623c81de34f8306aa6	Dan ~ REFORM ~ 2nd Pack [~ EXTRA-DELTA ~ (Marathon)]
4K REFORM	15	Epsilon	4	5f5235b4099fe63d6b512fdfb9224692a1236616095082e4b24e5e6857dbbd15	Dan ~ REFORM ~ 2nd Pack [~ EXTRA-EPSILON ~ (Marathon)]
4K REFORM	16	Zeta	4	820efd38839415a8d247334a929348853d1357f0c49b764046694fdc19a20e84	Dan ~ REFORM ~ FINAL [~ FINAL - ZETA ~ ( Marathon )]
4K REFORM	17	Eta	4	50846172498780da5e303d03b0f68814c439e7b274da2ba5ba5da703c0f0d536	Dan ~ REFORM ~ FINAL [~ FINAL - ETA ~ ( Marathon )]
4K Vibro	1	Vibro 1	4	fdf774afb771c76f8d667d14cdb6d89fc8e3b04e7c99196bb0426a15f3ca9ccb	Vibro Dan Courses 1/2 [p-1]
4K Vibro	2	Vibro 2	4	b0fee3cbb7c16c6a69bca276ab1d92133462cf8a36f3dd6079d3555c0c8dcb5d	Vibro Dan Courses 1/2 [p-2]
4K Vibro	3	Vibro 3	4	45bada09913ebb28b8c4f798557ab6bec806aa3ccf7160a3050619b31e0006ce	Vibro Dan Courses 1/2 [p-3]
4K Vibro	4	Vibro 4	4	f2c4afb36da06755e64e71c8e05c252c5f5937962aded47eec641f6277681b14	Vibro Dan Courses 1/2 [p-4]
4K Vibro	5	Vibro 5	4	9d23ad3f3f4d1d0b2a1f4189e8f37257b2a40de5e4736dc50e1c25d995f52caa	Vibro Dan Courses 1/2 [p-5]
4K Vibro	6	Vibro 6	4	cd83982a7b895cf7dfb52b3b27cf3ac38d8f9d33867e41c63eceef15ad646733	Vibro Dan Courses 1/2 [p-6]
4K Vibro	7	Vibro 7	4	93d365f8e090c478ffa32663b5545904629f02e2f9aa85fb74790d81438ec83c	Vibro Dan Courses 2/2 [p-7]
4K Vibro	8	Vibro 8	4	0140e9f3acd6843fd1619274b851b97f038e35da24ace322bbc1e11e64f099dc	Vibro Dan Courses 2/2 [p-8]
4K Vibro	9	Vibro 9	4	fb3047b00bc9709b321c156486cc7d51cbb75e19bac83ea5dc97cd449b00211a	Vibro Dan Courses 2/2 [p-9]
4K Vibro	10	Vibro 10	4	6e8822877dafe52914814a8fe84cc3884502e0d5bcc895b99ded174312dc83d1	Vibro Dan Courses 2/2 [p-10]
4K Vibro	11	Vibro O	4	6e2fc7442467815475e5d3dd7fda269b0bd255b6d37e1e3553ed72e799ce93a2	Vibro Dan Courses 2/2 [p-o]
4K Vibro	12	Vibro W	4	2f92f919eedeaad4cad67f6c7fe6d768412bdbc437261dc75714b68f4d658f6d	Vibro Dan Courses 2/2 [p-w]
7K LN	0	0th	7	13afb364c0b136782efe4148ba3fbfceba90357e003d3d4d0f3902ac3e977faa	LN Dan Phase I [0th Dan (Marathon)]
7K LN	1	1st	7	5539f74bfac88a6b3465dbe7d411a51b31a94f8c4ebd39238f114bb1640b24cc	LN Dan Phase I [1st Dan (Marathon)]
7K LN	2	2nd	7	8117996d5b8b894642e51c0e1e91a41001ae589faa0d7f6ef0893cf5a7e5b400	LN Dan Phase I [2nd Dan (Marathon)]
7K LN	3	3rd	7	904f3c8a7335e552657876272debd39ad0037d25d35beedf3f21109c8c7d3916	LN Dan Phase I [3rd Dan (Marathon)]
7K LN	4	4th	7	466cb83e38210692055dc6a2cea8c65b459c9df128629a8d79f4c26414d7f7ea	LN Dan Phase II [4th Dan]
7K LN	5	5th	7	052db81f1dd5366b2c57fbb8e6fa5d6a5486972ac77084d1db759d0b134cd5a8	LN Dan Phase II [5th Dan]
7K LN	6	6th	7	db7606b4b2f8dd5257a8d7f90f1d98700fbd9101da8239add19f7a8afac11158	LN Dan Phase II [6th Dan]
7K LN	7	7th	7	5e1fa2bc9f15f965475ffd7d25fd10583012800e334051e3f574247683228d83	LN Dan Phase II [7th Dan]
7K LN	8	8th	7	33d7491f94461452f1007456bcaa124f5e73576a812fda5ef2a920b0abbdeac6	LN Dan Phase II [8th Dan]
7K LN	9	9th	7	dc5bd9f735604977378cf5ce29f034721711c41b29752ad5587a3909b52008fc	LN Dan Phase III [9th Dan]
7K LN	10	10th	7	4b4ec7f836019741f1f628b26060f849679afc48cf4e2a246ef1e37fb9136538	LN Dan Phase III [10th Dan]
7K LN	11	Gamma	7	fc8c91868c2f0c6b1858633eba0a7221c90a805af5fbdba8ce5f89699d514647	LN Dan Phase III [Gamma Dan]
7K LN	12	Azimuth	7	aa0d4309220836df3ec5628eb0987ace446660216d2820783021911d56f26085	LN Dan Phase III [Azimuth Dan]
7K LN	13	Zenith	7	36cf8d4a5160258f00363b19debac9b1ce57052bcbc35d0e8f96aa50e51f4ad4	LN Dan Phase III [Zenith Dan]
7K LN	14	Stellium	7	eeae10eb4805574f4779a336dc2f32ac52a5337fa3f3c91eb25fdf237acf0506	Dan Phase IV [Stellium Dan (LN)]
7K Regular	0	0th	7	60dcca88070590d1b53cc4b6f7e82dc50a9ef77c31f31dfa5bb22aeb2d808d5d	Regular Dan Phase I [0th Dan (Marathon)]
7K Regular	1	1st	7	87870841347df8ba0f5221e49eb67fef3c26b959b55ba760e4a566528b5386a8	Regular Dan Phase I [1st Dan (Marathon)]
7K Regular	2	2nd	7	57d70ed4e3069e4119f857e3c1de0ce60c4e4f55b0b61a254e6ac35282203896	Regular Dan Phase I [2nd Dan (Marathon)]
7K Regular	3	3rd	7	7fc82f13de5a8db56b739569e55013e4ebdc49df69985f082cf28dc60ac4466a	Regular Dan Phase I [3rd Dan (Marathon)]
7K Regular	4	4th	7	d47372f728841f8981a6ec63d0118b60fd061c10c92a01efa2f477d36b23e297	Regular Dan Phase II [4th Dan (Marathon)]
7K Regular	5	5th	7	15f1e51840cac4303abaf12ca9ec30305a12c6bf236bba9e8ba3d1987defb2d8	Regular Dan Phase II [5th Dan (Marathon)]
7K Regular	6	6th	7	b07836df6fc593c50156baaa944bf6b078a744daefe1faaa08f4ffc2e1c3979f	Regular Dan Phase II [6th Dan (Marathon)]
7K Regular	7	7th	7	bde480e304a383a5fe60015813c8dd5d1cda733a34e0aafa552c712c4cad73e5	Regular Dan Phase II [7th Dan (Marathon)]
7K Regular	8	8th	7	8a922a80f3246af2f19a4b6a4dee3c48a7cfccf44ac84849c7ca1ddd90cfec8f	Regular Dan Phase II [8th Dan (Marathon)]
7K Regular	9	9th	7	e98d8b78d4581dadc61e7dc6b362059b0d1344a447cc7470374db03a6131c304	Regular Dan Phase III [9th Dan]
7K Regular	10	10th	7	d01b93efa936a0510cff7523e35880e2f9b8f939002990df76a02ca84b5f6f38	Regular Dan Phase III [10th Dan]
7K Regular	11	Gamma	7	fd96784af98e2716c247979ef43791524d6ad3e75ad7357bdd38148b265cd417	Regular Dan Phase III [Gamma Dan]
7K Regular	12	Azimuth	7	249c0ba35905aa4af074703e1ed1606dc37c27f31bfea390ec63e4fab2d8d53e	Regular Dan Phase III [Azimuth Dan]
7K Regular	13	Zenith	7	731a60b53a1150695b2d839675c24974264b681b3aec2193ec0f532008ed5b3c	Regular Dan Phase III [Zenith Dan]
7K Regular	14	Stellium	7	2999a5f2136bb1effec8c6ee8a379ec1e3d5cd8f752cff2ac4308709443227a7	Dan Phase IV [Stellium Dan (Regular)]
10K Regular	0	Lv.0	10	db75e563be0a36a392d0dc6219231a0185256232bca747e6224bda22aae5e71c	CT's osu!mania 10K Dan Course (0~3) [[10K] Level 0]
10K Regular	1	Lv.1	10	372b567673042d21da0fa1c73faefa4af69cd3e8b2e475b442ca684754a76ecc	CT's osu!mania 10K Dan Course (0~3) [[10K] Level 1]
10K Regular	2	Lv.2	10	63a53d59745bde138fdb078df807d7caf043cc84ed90492f24c487386d94cc9f	CT's osu!mania 10K Dan Course (0~3) [[10K] Level 2]
10K Regular	3	Lv.3	10	397e6802a997c4ddb5078b47d3d74b6ab833c07a4dd268556784ac42a9368407	CT's osu!mania 10K Dan Course (0~3) [[10K] Level 3]
10K Regular	4	Lv.4	10	bc759738546b8351f3714a2389f535fdbe2c4900340c78408da25ddd9f8d4ca5	CT's osu!mania 10K Dan Course (4~6) [[10K] Level 4]
10K Regular	5	Lv.5	10	e4b39118a21d281a4b3058e823db96ced8c0e2735cea29f1555ad12d50e2b344	CT's osu!mania 10K Dan Course (4~6) [[10K] Level 5]
10K Regular	6	Lv.6	10	2316a46544d3193802e4072e0055d696fb6fdda7659276bc99488c11a0a2c798	CT's osu!mania 10K Dan Course (4~6) [[10K] Level 6]
10K Regular	7	Lv.7	10	b96fbb4f19bf5d09dda9c87c042be1b1130b9bd06ce7315417f981e6a041bd56	CT's osu!mania 10K Dan Course (7~9) [[10K] level 7]
10K Regular	8	Lv.8	10	66f2a1ab8b2170ac7fd3b7c346ff67361d61c8446635eba5cbd9d25a0d32702d	CT's osu!mania 10K Dan Course (7~9) [[10K] level 8]
10K Regular	9	Lv.9	10	1b9fc6879b787a7209294c622c77c6c18a7f29b9e5c95b5cb026b362b638738e	CT's osu!mania 10K Dan Course (7~9) [[10K] level 9]
10K Regular	10	Lv.10	10	6768c58350654f3e155a02772875246a7570cb0e666fcaab031cbc31b642b46a	CT's osu!mania 10K Dan Course (Virtuoso) [[10K] Level 10]
10K Regular	11	Lv.XI	10	527af26e5024cb8ccf7f1801c9ad43659b3dc60ac07bd983b9085251edf9b429	CT's osu!mania 10K Dan Course (Virtuoso) [[10K] Level XI (Expecialist)]
10K Regular	12	Virtuoso	10	617cf00df0b929168a4b7473de3fd8afabf178f1c3abd713fd222f7eef48c264	CT's osu!mania 10K Dan Course (Virtuoso) [[10K] Level V (Virtuoso)]
4K LN	1	1st	4	163a907e5b7e488ea0cea6c3db042e18fce32644013189a31c95f8d591c216fa	4K LN Dan Courses v2 ~ Stage 2 Map Pack ~ [[4K] Dango Daikazoku ~ 1st ~ (Marathon)]
4K LN	1	1st	4	a68b0c7305628bcf41ba10500618c13bdae5aad14e936e9d9eaf2b1de3b17006	4K LN Dan Courses v2 ~ Stage 3 Map Pack ~ [[4K] Nerevar Rising ~ 1st ~ (Marathon)]
4K LN	1	1st	4	e46c6bc3eb093acddff17c8461a51e8d489920c12da38cb9c1b5c30607137658	4K LN Dan Courses v2 ~ Stage 1 Map Pack ~ [[4K] Hitorigoto ~ 1st ~ (Marathon)]
4K LN	2	2nd	4	5ade60a8b3faa2f9fe853aeae31d8123b3f2085ef90f092b277046fdd4e5761a	4K LN Dan Courses v2 ~ Stage 1 Map Pack ~ [[4K] Doki Doki Literature Club! ~ 2nd ~ (Marathon)]
4K LN	2	2nd	4	b15e706c6cbab43c3922cc51c29cd024ae8973d00a36f0da7ad5ca9d47495999	4K LN Dan Courses v2 ~ Stage 3 Map Pack ~ [[4K] Heartbeats ~ 2nd ~ (Marathon)]
4K LN	2	2nd	4	e8d1b92ab539ad1726143fb42f54059aeb7de3dafef9e0d521626507420c3a9b	4K LN Dan Courses v2 ~ Stage 2 Map Pack ~ [[4K] SPF 420 ~ 2nd ~ (Marathon)]
4K LN	3	3rd	4	242c620cb952a9252e854575e6cc2098f6811bd1ab7519e7d7507ed9043eed00	4K LN Dan Courses v2 ~ Stage 2 Map Pack ~ [[4K] silver temple ~ 3rd ~ (Marathon)]
4K LN	3	3rd	4	559fede8edc152f3acda339cb50d8c91d686f91461c1a51ae8886f790cee6aee	4K LN Dan Courses v2 ~ Stage 3 Map Pack ~ [[4K] i use raw expectation to unlock placebo. ~ 3rd ~ (Marathon)]
4K LN	3	3rd	4	7b7a9cce5a67ec158874ae33bedefee0257f453e95b8f5bfca3f8a65ea50de9a	4K LN Dan Courses v2 ~ Stage 1 Map Pack ~ [[4K] aura ~ 3rd ~ (Marathon)]
4K LN	4	4th	4	2763abb7c28d674fa801ed1ec6dc74274fe207f358537422e39ba8d3d6e4c9a5	4K LN Dan Courses v2 ~ Stage 2 Map Pack ~ [[4K] Gee ~ 4th ~ (Marathon)]
4K LN	4	4th	4	38288a7c0dc6db696e1e4604df817d8ffb86500a92454122ff00c9786396241b	4K LN Dan Courses v2 ~ Stage 3 Map Pack ~ [[4K] future gazer ~ 4th ~ (Marathon)]
4K LN	4	4th	4	76f73398b828f07ec0014715883061823501fe52fcf94cfb59f22d88c87f5b2b	4K LN Dan Courses v2 ~ Stage 1 Map Pack ~ [[4K] Otenba Koimusume ~ 4th ~ (Marathon)]
4K LN	5	5th	4	0d873f21bb8d35bb509b5f4534afecc1d701539dcba4cd43e14431e255f1a605	4K LN Dan Courses v2 ~ Stage 2 Map Pack ~ [[4K] MilK ~ 5th ~ (Marathon)]
4K LN	5	5th	4	50cfd7c5ebd79f4bcabb5ccfc64e1c62dd8516a3c35e034b9b6da264b2b00a13	4K LN Dan Courses v2 ~ Stage 3 Map Pack ~ [[4K] Promise ~ 5th ~ (Marathon)]
4K LN	5	5th	4	61b7a3353c5e95c228065714ee569abf41cefe03c4e8c8e6eb495aa9dcdcbeea	4K LN Dan Courses v2 ~ Stage 1 Map Pack ~ [[4K] Pink Gold ~ 5th ~ (Marathon)]
4K LN	6	6th	4	d67beb8386974d37fc1912828fc4f91ef7d6ff772cd1d09773e07ede3f6b9661	4K LN Dan Courses v2 ~ Stage 1 Map Pack ~ [[4K] Koborezu no Negaigoto ~ 6th ~ (Marathon)]
4K LN	6	6th	4	e6614ee7ba3d7d349ad2ee2dfdaf0fa748eedd13766563271003f43c294720ec	4K LN Dan Courses v2 ~ Stage 2 Map Pack ~ [[4K] Power To Progress ~ 6th ~ (Marathon)]
4K LN	6	6th	4	eb86f47f8445da974dd21323216a2b449ea22da61661a08729f1da79d509555b	4K LN Dan Courses v2 ~ Stage 3 Map Pack ~ [[4K] Mousou Express [Remix] ~ 6th ~ (Marathon)]
4K LN	7	7th	4	571116ee86f055efb247b11f93bec18105720224ef7fe75cf24b21d44765178c	4K LN Dan Courses v2 ~ Stage 3 Map Pack ~ [[4K] <3 ~ 7th ~ (Marathon)]
4K LN	7	7th	4	66b22f54718988db24156ac3b2471e28bcd53a6d63a0e7e7ae46d1bfe4c1017c	4K LN Dan Courses v2 ~ Stage 2 Map Pack ~ [[4K] On the FM ~ 7th ~ (Marathon)]
4K LN	7	7th	4	fa482b0281e3605458c7671c3912cdaa238e7bcb8fe1968eafdb7b1c1c78ce2b	4K LN Dan Courses v2 ~ Stage 1 Map Pack ~ [[4K] Rock It ~ 7th ~ (Marathon)]
4K LN	8	8th	4	2b03d6d88225d3f75f73a07d7baceaea4fd40476e1030ce8ddabf4627ffb5b6d	4K LN Dan Courses v2 ~ Stage 3 Map Pack ~ [[4K] Sakase natsuzora, koi no hana. ~ 8th ~ (Marathon)]
4K LN	8	8th	4	6ee04173c3bcde45821bae58e4a2c19e1d6aca31b0048ad0bc6fadcce89c163a	4K LN Dan Courses v2 ~ Stage 2 Map Pack ~ [[4K] Shotgun Senorita [Zardonic Remix] ~ 8th ~ (Marathon)]
4K LN	8	8th	4	af9f334520f06ca03ac693a9e9ab5e5460a5dcb0b8648ba6fbefdfc0956bad54	4K LN Dan Courses v2 ~ Stage 1 Map Pack ~ [[4K] Missing Banquet ~ 8th ~ (Marathon)]
4K LN	9	9th	4	a11717272af1451ce0c9efb328728d585dc7d9be67656ce4baac145b0ab8f189	4K LN Dan Courses v2 ~ Stage 3 Map Pack ~ [[4K] cold planet ~ 9th ~ (Marathon)]
4K LN	9	9th	4	b60523912516935727e3d322027ae6a0c2304925747becd9e35221f4f3fe5f03	4K LN Dan Courses v2 ~ Stage 1 Map Pack ~ [[4K] Dodger's Gadget ~ 9th ~ (Marathon)]
4K LN	9	9th	4	db2417b71c1d52c881a3b9c32f1fda47896b92952d768814c10208196a881c52	4K LN Dan Courses v2 ~ Stage 2 Map Pack ~ [[4K] Raijin no Hidariude ~ 9th ~ (Marathon)]
4K LN	10	10th	4	1ecdae1d4d4da5957971bffcb704facc41555be5b9805e99a67d870a2ad1a18d	4K LN Dan Courses v2 ~ Stage 3 Map Pack ~ [[4K] Sakura Trip 1.15x ~ 10th ~ (Marathon)]
4K LN	10	10th	4	35589992959f6ecd07585e9ae5f7724382b3056865c17e2c15b2857e3f63aa47	4K LN Dan Courses v2 ~ Stage 1 Map Pack ~ [[4K] towa no maigo 1.1x ~ 10th ~ (Marathon)]
4K LN	10	10th	4	f36ce6454b5885fe8d374ca008bf0ca21cf2ffa6d065bd4a6b968b2f475de10a	4K LN Dan Courses v2 ~ Stage 2 Map Pack ~ [[4K] Dopamine ~ 10th ~ (Marathon)]
4K LN	11	Yoake	4	804591437a0431b418ae6be9e17aff75c750b29ce28587198c8be9599a882557	4K LN Dan Courses v2 ~ Stage 3 Map Pack ~ [[4K] Love is War ~ Yoake ~ (Marathon)]
4K LN	11	Yoake	4	bb025a20d9653599161b83acf6a4fa4b9e24292e4e59faf837a18621fe720198	4K LN Dan Courses v2 ~ Stage 1 Map Pack ~ [[4K] Enigma 1.1x ~ Yoake ~ (Marathon)]
4K LN	11	Yoake	4	dce1a7a1a0d36d34447eda17686f8b2ea7c999fbedff2ca9db15b0c45fd13e05	4K LN Dan Courses v2 ~ Stage 2 Map Pack ~ [[4K] Avalon no oka ~ Yoake ~ (Marathon)]
4K LN	12	Yuugure	4	3c7595a33258dfb32788a63aaec913902a1649ec1b8d458b262f48f176f011f7	4K LN Dan Courses v2 ~ Stage 1 Map Pack ~ [[4K] Carnation [ck remix] 1.05x ~ Yuugure ~ (Marathon)]
4K LN	12	Yuugure	4	80f3c83122c742fbeeda38195f7d853e6a97a9196f13770a0165e47d883eefae	4K LN Dan Courses v2 ~ Stage 2 Map Pack ~ [[4K] No. 6 ~ Yuugure ~ (Marathon)]
4K LN	12	Yuugure	4	e73d55ef37e359a43aa11f3a111fbc1e4b2d7ad93d3abd2674750a1ca784ec75	4K LN Dan Courses v2 ~ Stage 3 Map Pack ~ [[4K] ENDYMION ~ Yuugure ~ (Marathon)]
4K LN	13	Yoru	4	a09dc5d3bfe7cfd24d281356c6607b88f297eca2f27e1cf8c673f82b810fb13c	4K LN Dan Courses v2 ~ Stage 2 Map Pack ~ [[4K] Intersect Thunderbolt -Remix ~ Yoru ~ (Marathon)]
4K LN	13	Yoru	4	ee2be6972e1ba9f5379231788f1954d38c8a3a955d140fd571aa09acc9bdf960	4K LN Dan Courses v2 ~ Stage 1 Map Pack ~ [[4K] Kyouki Ranmai ~ Yoru ~ (Marathon)]
4K LN	13	Yoru	4	ef510e52b317726fe0e6907ad5522a6e46f002299fd12023582fabcc0a68dd56	4K LN Dan Courses v2 ~ Stage 3 Map Pack ~ [[4K] Literal Crystal In The Cyphisonia 1.15x ~ Yoru ~]
4K LN	14	Yokaze	4	3ce9088eb5b687adb6083bb9295794509683fc4ecad3e74379475583b00dc24a	4K LN Dan Courses v2 ~ Stage 1 Map Pack ~ [[4K] Protoflicker 1.25x ~ Yokaze ~ (Marathon)]
4K LN	14	Yokaze	4	90be922d051a8d7e07cc836b4ee3ce57141a0c438f891538d36dfb32bf2c1c75	4K LN Dan Courses v2 ~ Stage 3 Map Pack ~ [[4K] Lancelot -Flame of the Rebellion- 1.35x ~ Yokaze ~ (Marathon)]
4K LN	14	Yokaze	4	98569de2819a1ad03e522c58979ce8e7c923f29ca894a8ec0393f16585fee222	4K LN Dan Courses v2 ~ Stage 2 Map Pack ~ [[4K] Cinderella Cage -Trancecore Mix- 1.6x ~ Yokaze ~ (Marathon)]
4K LN	15	Yami	4	75297132511504a05330116c439f5d38cbb98552dc14df527e0a988913bcfe90	4K LN Dan Courses v2 ~ Stage 1 Map Pack ~ [[4K] Mare Nectaris ~ Yami ~ (Marathon)]
4K LN	15	Yami	4	8f97be2949709a15362b1f47d9cf3301aa3118aa86f70641daddb1427c78d63a	4K LN Dan Courses v2 ~ Stage 3 Map Pack ~ [[4K] Indomitable Spirit [Hommarju Remix] 1.5x ~ Yami ~ (Marathon)]
4K LN	15	Yami	4	eb7c96ad525233610710216130ae3c02ecf2da5bc2f7a320a04374828a3b903d	4K LN Dan Courses v2 ~ Stage 2 Map Pack ~ [[4K] Nhelv 1.05x ~ Yami ~ (Marathon)]
4K LN	16	Yume	4	76ae129621433b4670b12ef32956286b110b08533c0b91bdc114e0ee8e4e0ddb	4K LN Dan Courses v2 ~ Stage 3 Map Pack ~ [[4K] White Hair Little Swords Girl 1.025x ~ Yume ~ (Marathon)]
4K LN	16	Yume	4	807733232b221237f0fd70d302ec172d8427377b49a91ce757713dd3a1fdcbe7	4K LN Dan Courses v2 ~ Stage 1 Map Pack ~ [[4K] Kodoku no Kakurenbo 1.15x ~ Yume ~ (Marathon)]
4K LN	16	Yume	4	91a3970e7b186a91015a12c5f5f5aba69335c856160f7e119c1a317db2f81608	4K LN Dan Courses v2 ~ Stage 2 Map Pack ~ [[4K] Inaiinai isonshou 1.25x ~ Yume ~ (Marathon)]
6K Regular	0	0th	6	3190c6f53025541e044b286b3a54fc289a5560b3c5e1d0e73ff8e353624cd98f	AXian's 6K Dan Course - Beginner Part [6K 0th Dan]
6K Regular	1	1st	6	5d46d88b141282b6d0451a7f6c0914c07c679ac99ecb10c244ce40eee130f563	AXian's 6K Dan Course - Beginner Part [6K 1st Dan]
6K Regular	2	2nd	6	29039b91543283f95e26c214feecebbd706cf1b549f1740acc3a15db188b3812	AXian's 6K Dan Course - Beginner Part [6K 2nd Dan]
6K Regular	3	3rd	6	6e1b7d51745a4ac8096505faeeff2f26017fef48cb9f48e5b754de6518e3de3b	AXian's 6K Dan Course - Beginner Part [6K 3rd Dan]
6K Regular	4	4th	6	a239515f8bdce8860c64351c5c4e90f1c88009fabf8e6f7e21cc3c15ac7dde69	AXian's 6K Dan Course - Beginner Part [6K 4th Dan]
6K Regular	5	5th	6	dec7aba861e374beb071ac9a3b36838dee1e74839146b2cf3093354b02eaac02	AXian's 6K Dan Course - Beginner Part [6K 5th Dan]
6K Regular	6	6th	6	6d748efbfd587df1fa6bbc71f343313c03ae8fb7d8b59ac29c8c9e428ff80e87	AXian's 6K Dan Course - Junior Part [6K 6th Dan]
6K Regular	7	7th	6	969a4f5414e43e31cfd09b2781dd40f52cc226eb92c75d7ab8e8bdd205f8e960	AXian's 6K Dan Course - Junior Part [6K 7th Dan]
6K Regular	8	8th	6	5116770b5f49886b27301b95ba562a8588e93849f7d28c136e4264dc306d1de4	AXian's 6K Dan Course - Junior Part [6K 8th Dan]
6K Regular	9	9th	6	357aa1b4b62fa6d96af81fad1fe885ca4dd9a6e6035abcf891a6b80126234a1d	AXian's 6K Dan Course - Junior Part [6K 9th Dan]
6K Regular	10	10th	6	1bc890b43a37ab82533b536c252f4af79929c603a6aa62aaf4cc8556c251dd36	AXian's 6K Dan Course - Junior Part [6K 10th Dan]
6K Regular	11	Extra 1st	6	f68404495de19903413dbb503e6c42626d0d1b8c458167829a0834b71a038285	AXian's 6K Dan Course - Senior Part [6K Extra 1st Dan]
6K Regular	12	Extra 2nd	6	5349da08c84ecd4229640f7cda696e4ea22262eb6928bdf29e8847919910b8ba	AXian's 6K Dan Course - Senior Part [6K Extra 2nd Dan]
6K Regular	13	Extra 3rd	6	5aa6019481ada4c4e2888db84d8165043ba282a478b7b435fb65693936e23fc9	AXian's 6K Dan Course - Senior Part [6K Extra 3rd Dan]
6K Regular	14	Extra 4th	6	2ecc72a986fb3dafa3fc3973f650e70ce6163db2b67cfb64e1db0aa5da32d09b	AXian's 6K Dan Course - Senior Part [6K Extra 4th Dan]
6K Regular	15	Extra 5th	6	728c023beb75e4295620e6172d9030ebe47d13dcf98bd8f5a4aa922930b72fe4	AXian's 6K Dan Course - Senior Part [6K Extra 5th Dan]
6K Regular	16	Extra 6th	6	8a0c241210fd75c8697545895ec068896cb34840c12ae3d85fcc8075201b08b0	AXian's 6K Dan Course - Extra Part [6K Extra 6th Dan]
6K Regular	17	Extra 7th	6	cad08f9a2fc8dca84ed59f057f7d87342f3ce8e93db04d76b98847588132e2d2	AXian's 6K Dan Course - Extra Part [6K Extra 7th Dan]
6K Regular	18	Extra 8th	6	a194ff9f275eed2050d1c42a281fa1083b00d925628860638bcfd2535d4eceb6	AXian's 6K Dan Course - Extra Part [6K Extra 8th Dan]
6K Regular	19	Extra 9th	6	641ad4b7e2e73d0c2e391b6c2c028c360c82979a6a15d8fb6732cf2bc981af96	AXian's 6K Dan Course - Extra Part [6K Extra 9th Dan]
6K Regular	31	Extra Final	6	0b4122f3b8a6cd42875b8f160e2dbcaa96ee93c7083226bd60e16ef07d2a4e72	AXian's 6K Dan Course - Extra Part [6K Extra Final Dan]
